"ReferenceArea","TimePeriod","Sex","Unitofmeasurement","Nature","Value"
"Afghanistan","2012","Female","Per 100,000 population","Modeled","4.374899"
"Afghanistan","2012","Male","Per 100,000 population","Modeled","3.7176"
"Afghanistan","2012","Total","Per 100,000 population","Modeled","4.041556"
"Afghanistan","2000","Female","Per 100,000 population","Modeled","3.319854"
"Afghanistan","2000","Male","Per 100,000 population","Modeled","4.551824"
"Afghanistan","2000","Total","Per 100,000 population","Modeled","3.946677"
"Albania","2012","Female","Per 100,000 population","Estimated","5.922207"
"Albania","2012","Male","Per 100,000 population","Estimated","7.068322"
"Albania","2012","Total","Per 100,000 population","Estimated","6.497184"
"Albania","2000","Female","Per 100,000 population","Estimated","5.263307"
"Albania","2000","Male","Per 100,000 population","Estimated","7.629663"
"Albania","2000","Total","Per 100,000 population","Estimated","6.443992"
"Algeria","2012","Female","Per 100,000 population","Modeled","1.453683"
"Algeria","2012","Male","Per 100,000 population","Modeled","2.055498"
"Algeria","2012","Total","Per 100,000 population","Modeled","1.757981"
"Algeria","2000","Female","Per 100,000 population","Modeled","1.722693"
"Algeria","2000","Male","Per 100,000 population","Modeled","2.113556"
"Algeria","2000","Total","Per 100,000 population","Modeled","1.920209"
"Angola","2012","Female","Per 100,000 population","Modeled","5.824419"
"Angola","2012","Male","Per 100,000 population","Modeled","15.44829"
"Angola","2012","Total","Per 100,000 population","Modeled","10.59476"
"Angola","2000","Female","Per 100,000 population","Modeled","3.301118"
"Angola","2000","Male","Per 100,000 population","Modeled","10.24836"
"Angola","2000","Total","Per 100,000 population","Modeled","6.727179"
"Argentina","2012","Female","Per 100,000 population","Estimated","4.296016"
"Argentina","2012","Male","Per 100,000 population","Estimated","17.49319"
"Argentina","2012","Total","Per 100,000 population","Estimated","10.75389"
"Argentina","2000","Female","Per 100,000 population","Estimated","5.185701"
"Argentina","2000","Male","Per 100,000 population","Estimated","19.81121"
"Argentina","2000","Total","Per 100,000 population","Estimated","12.34819"
"Armenia","2012","Female","Per 100,000 population","Estimated","1.182901"
"Armenia","2012","Male","Per 100,000 population","Estimated","5.269551"
"Armenia","2012","Total","Per 100,000 population","Estimated","3.289022"
"Armenia","2000","Female","Per 100,000 population","Estimated","1.076101"
"Armenia","2000","Male","Per 100,000 population","Estimated","5.742736"
"Armenia","2000","Total","Per 100,000 population","Estimated","3.268998"
"Australia","2012","Female","Per 100,000 population","Country Adjusted","5.608027"
"Australia","2012","Male","Per 100,000 population","Country Adjusted","17.69182"
"Australia","2012","Total","Per 100,000 population","Country Adjusted","11.62275"
"Australia","2000","Female","Per 100,000 population","Country Adjusted","5.320531"
"Australia","2000","Male","Per 100,000 population","Country Adjusted","20.08176"
"Australia","2000","Total","Per 100,000 population","Country Adjusted","12.64498"
"Austria","2012","Female","Per 100,000 population","Country Adjusted","7.620604"
"Austria","2012","Male","Per 100,000 population","Country Adjusted","23.94379"
"Austria","2012","Total","Per 100,000 population","Country Adjusted","15.58428"
"Austria","2000","Female","Per 100,000 population","Country Adjusted","9.694119"
"Austria","2000","Male","Per 100,000 population","Country Adjusted","31.60302"
"Austria","2000","Total","Per 100,000 population","Country Adjusted","20.28556"
"Azerbaijan","2012","Female","Per 100,000 population","Estimated","1.024232"
"Azerbaijan","2012","Male","Per 100,000 population","Estimated","2.303484"
"Azerbaijan","2012","Total","Per 100,000 population","Estimated","1.659545"
"Azerbaijan","2000","Female","Per 100,000 population","Estimated","0.7695941"
"Azerbaijan","2000","Male","Per 100,000 population","Estimated","2.399441"
"Azerbaijan","2000","Total","Per 100,000 population","Estimated","1.56597"
"Bahamas","2012","Female","Per 100,000 population","Estimated","1.363814"
"Bahamas","2012","Male","Per 100,000 population","Estimated","3.294998"
"Bahamas","2012","Total","Per 100,000 population","Estimated","2.308392"
"Bahamas","2000","Female","Per 100,000 population","Estimated","1.769855"
"Bahamas","2000","Male","Per 100,000 population","Estimated","3.044539"
"Bahamas","2000","Total","Per 100,000 population","Estimated","2.390713"
"Bahrain","2012","Female","Per 100,000 population","Estimated","2.212182"
"Bahrain","2012","Male","Per 100,000 population","Estimated","10.28647"
"Bahrain","2012","Total","Per 100,000 population","Estimated","7.245497"
"Bahrain","2000","Female","Per 100,000 population","Estimated","2.185783"
"Bahrain","2000","Male","Per 100,000 population","Estimated","10.13622"
"Bahrain","2000","Total","Per 100,000 population","Estimated","6.720884"
"Bangladesh","2012","Female","Per 100,000 population","Modeled","7.561922"
"Bangladesh","2012","Male","Per 100,000 population","Modeled","5.608352"
"Bangladesh","2012","Total","Per 100,000 population","Modeled","6.572518"
"Bangladesh","2000","Female","Per 100,000 population","Modeled","6.763612"
"Bangladesh","2000","Male","Per 100,000 population","Modeled","5.495731"
"Bangladesh","2000","Total","Per 100,000 population","Modeled","6.109551"
"Barbados","2012","Female","Per 100,000 population","Estimated","0.702152"
"Barbados","2012","Male","Per 100,000 population","Estimated","4.585524"
"Barbados","2012","Total","Per 100,000 population","Estimated","2.63943"
"Barbados","2000","Female","Per 100,000 population","Estimated","1.190726"
"Barbados","2000","Male","Per 100,000 population","Estimated","6.348677"
"Barbados","2000","Total","Per 100,000 population","Estimated","3.757752"
"Belarus","2012","Female","Per 100,000 population","Country Adjusted","7.944337"
"Belarus","2012","Male","Per 100,000 population","Country Adjusted","37.79976"
"Belarus","2012","Total","Per 100,000 population","Country Adjusted","21.81038"
"Belarus","2000","Female","Per 100,000 population","Country Adjusted","11.01294"
"Belarus","2000","Male","Per 100,000 population","Country Adjusted","72.16048"
"Belarus","2000","Total","Per 100,000 population","Country Adjusted","39.69521"
"Belgium","2012","Female","Per 100,000 population","Country Adjusted","9.754771"
"Belgium","2012","Male","Per 100,000 population","Country Adjusted","26.10221"
"Belgium","2012","Total","Per 100,000 population","Country Adjusted","17.7747"
"Belgium","2000","Female","Per 100,000 population","Country Adjusted","11.07658"
"Belgium","2000","Male","Per 100,000 population","Country Adjusted","31.62502"
"Belgium","2000","Total","Per 100,000 population","Country Adjusted","21.12274"
"Belize","2012","Female","Per 100,000 population","Country Adjusted","0.6004046"
"Belize","2012","Male","Per 100,000 population","Country Adjusted","3.820977"
"Belize","2012","Total","Per 100,000 population","Country Adjusted","2.209781"
"Belize","2000","Female","Per 100,000 population","Country Adjusted","0.6950408"
"Belize","2000","Male","Per 100,000 population","Country Adjusted","6.774103"
"Belize","2000","Total","Per 100,000 population","Country Adjusted","3.743694"
"Benin","2012","Female","Per 100,000 population","Modeled","2.090451"
"Benin","2012","Male","Per 100,000 population","Modeled","5.235342"
"Benin","2012","Total","Per 100,000 population","Modeled","3.656986"
"Benin","2000","Female","Per 100,000 population","Modeled","2.088829"
"Benin","2000","Male","Per 100,000 population","Modeled","5.682976"
"Benin","2000","Total","Per 100,000 population","Modeled","3.851512"
"Bhutan","2012","Female","Per 100,000 population","Modeled","10.2223"
"Bhutan","2012","Male","Per 100,000 population","Modeled","20.93156"
"Bhutan","2012","Total","Per 100,000 population","Modeled","15.97484"
"Bhutan","2000","Female","Per 100,000 population","Modeled","13.37358"
"Bhutan","2000","Male","Per 100,000 population","Modeled","23.19346"
"Bhutan","2000","Total","Per 100,000 population","Modeled","18.42227"
"Bolivia (Plurinational State of)","2012","Female","Per 100,000 population","Modeled","8.57048"
"Bolivia (Plurinational State of)","2012","Male","Per 100,000 population","Modeled","14.76904"
"Bolivia (Plurinational State of)","2012","Total","Per 100,000 population","Modeled","11.66538"
"Bolivia (Plurinational State of)","2000","Female","Per 100,000 population","Modeled","9.195868"
"Bolivia (Plurinational State of)","2000","Male","Per 100,000 population","Modeled","13.66671"
"Bolivia (Plurinational State of)","2000","Total","Per 100,000 population","Modeled","11.42148"
"Bosnia and Herzegovina","2012","Female","Per 100,000 population","Modeled","5.835384"
"Bosnia and Herzegovina","2012","Male","Per 100,000 population","Modeled","22.30075"
"Bosnia and Herzegovina","2012","Total","Per 100,000 population","Modeled","13.87666"
"Bosnia and Herzegovina","2000","Female","Per 100,000 population","Modeled","5.942548"
"Bosnia and Herzegovina","2000","Male","Per 100,000 population","Modeled","22.02213"
"Bosnia and Herzegovina","2000","Total","Per 100,000 population","Modeled","13.73823"
"Botswana","2012","Female","Per 100,000 population","Modeled","1.663419"
"Botswana","2012","Male","Per 100,000 population","Modeled","4.737597"
"Botswana","2012","Total","Per 100,000 population","Modeled","3.207528"
"Botswana","2000","Female","Per 100,000 population","Modeled","1.952997"
"Botswana","2000","Male","Per 100,000 population","Modeled","5.083298"
"Botswana","2000","Total","Per 100,000 population","Modeled","3.506119"
"Brazil","2012","Female","Per 100,000 population","Country Adjusted","2.598682"
"Brazil","2012","Male","Per 100,000 population","Country Adjusted","9.4125"
"Brazil","2012","Total","Per 100,000 population","Country Adjusted","5.950544"
"Brazil","2000","Female","Per 100,000 population","Country Adjusted","2.029084"
"Brazil","2000","Male","Per 100,000 population","Country Adjusted","7.688069"
"Brazil","2000","Total","Per 100,000 population","Country Adjusted","4.826996"
"Brunei Darussalam","2012","Female","Per 100,000 population","Estimated","4.899995"
"Brunei Darussalam","2012","Male","Per 100,000 population","Estimated","7.406246"
"Brunei Darussalam","2012","Total","Per 100,000 population","Estimated","6.169885"
"Brunei Darussalam","2000","Female","Per 100,000 population","Estimated","3.380147"
"Brunei Darussalam","2000","Male","Per 100,000 population","Estimated","5.670852"
"Brunei Darussalam","2000","Total","Per 100,000 population","Estimated","4.544164"
"Bulgaria","2012","Female","Per 100,000 population","Estimated","7.710758"
"Bulgaria","2012","Male","Per 100,000 population","Estimated","21.63636"
"Bulgaria","2012","Total","Per 100,000 population","Estimated","14.48285"
"Bulgaria","2000","Female","Per 100,000 population","Estimated","10.65591"
"Bulgaria","2000","Male","Per 100,000 population","Estimated","28.21824"
"Bulgaria","2000","Total","Per 100,000 population","Estimated","19.2134"
"Burkina Faso","2012","Female","Per 100,000 population","Modeled","1.820658"
"Burkina Faso","2012","Male","Per 100,000 population","Modeled","4.089023"
"Burkina Faso","2012","Total","Per 100,000 population","Modeled","2.947419"
"Burkina Faso","2000","Female","Per 100,000 population","Modeled","1.651751"
"Burkina Faso","2000","Male","Per 100,000 population","Modeled","4.237687"
"Burkina Faso","2000","Total","Per 100,000 population","Modeled","2.921926"
"Burundi","2012","Female","Per 100,000 population","Modeled","8.036525"
"Burundi","2012","Male","Per 100,000 population","Modeled","25.00675"
"Burundi","2012","Total","Per 100,000 population","Modeled","16.4176"
"Burundi","2000","Female","Per 100,000 population","Modeled","6.791857"
"Burundi","2000","Male","Per 100,000 population","Modeled","20.27474"
"Burundi","2000","Total","Per 100,000 population","Modeled","13.44458"
"Cabo Verde","2012","Female","Per 100,000 population","Modeled","1.447055"
"Cabo Verde","2012","Male","Per 100,000 population","Modeled","6.375419"
"Cabo Verde","2012","Total","Per 100,000 population","Modeled","3.898522"
"Cabo Verde","2000","Female","Per 100,000 population","Modeled","1.35643"
"Cabo Verde","2000","Male","Per 100,000 population","Modeled","6.269186"
"Cabo Verde","2000","Total","Per 100,000 population","Modeled","3.732214"
"Cambodia","2012","Female","Per 100,000 population","Modeled","6.219742"
"Cambodia","2012","Male","Per 100,000 population","Modeled","11.93313"
"Cambodia","2012","Total","Per 100,000 population","Modeled","9.006522"
"Cambodia","2000","Female","Per 100,000 population","Modeled","7.851717"
"Cambodia","2000","Male","Per 100,000 population","Modeled","12.6783"
"Cambodia","2000","Total","Per 100,000 population","Modeled","10.19564"
"Cameroon","2012","Female","Per 100,000 population","Modeled","2.366192"
"Cameroon","2012","Male","Per 100,000 population","Modeled","7.501503"
"Cameroon","2012","Total","Per 100,000 population","Modeled","4.932974"
"Cameroon","2000","Female","Per 100,000 population","Modeled","2.355687"
"Cameroon","2000","Male","Per 100,000 population","Modeled","7.166621"
"Cameroon","2000","Total","Per 100,000 population","Modeled","4.752064"
"Canada","2012","Female","Per 100,000 population","Country Adjusted","5.456547"
"Canada","2012","Male","Per 100,000 population","Country Adjusted","17.50361"
"Canada","2012","Total","Per 100,000 population","Country Adjusted","11.43392"
"Canada","2000","Female","Per 100,000 population","Country Adjusted","5.372643"
"Canada","2000","Male","Per 100,000 population","Country Adjusted","18.90113"
"Canada","2000","Total","Per 100,000 population","Country Adjusted","12.07129"
"Central African Republic","2012","Female","Per 100,000 population","Modeled","4.35428"
"Central African Republic","2012","Male","Per 100,000 population","Modeled","11.50246"
"Central African Republic","2012","Total","Per 100,000 population","Modeled","7.871242"
"Central African Republic","2000","Female","Per 100,000 population","Modeled","3.659415"
"Central African Republic","2000","Male","Per 100,000 population","Modeled","9.139134"
"Central African Republic","2000","Total","Per 100,000 population","Modeled","6.347936"
"Chad","2012","Female","Per 100,000 population","Modeled","1.302816"
"Chad","2012","Male","Per 100,000 population","Modeled","4.097187"
"Chad","2012","Total","Per 100,000 population","Modeled","2.701826"
"Chad","2000","Female","Per 100,000 population","Modeled","1.215968"
"Chad","2000","Male","Per 100,000 population","Modeled","4.170352"
"Chad","2000","Total","Per 100,000 population","Modeled","2.687997"
"Chile","2012","Female","Per 100,000 population","Country Adjusted","6.043642"
"Chile","2012","Male","Per 100,000 population","Country Adjusted","20.01146"
"Chile","2012","Total","Per 100,000 population","Country Adjusted","12.95216"
"Chile","2000","Female","Per 100,000 population","Country Adjusted","2.856475"
"Chile","2000","Male","Per 100,000 population","Country Adjusted","17.99777"
"Chile","2000","Total","Per 100,000 population","Country Adjusted","10.34677"
"China","2012","Female","Per 100,000 population","Modeled","10.11636"
"China","2012","Male","Per 100,000 population","Modeled","7.416847"
"China","2012","Total","Per 100,000 population","Modeled","8.718381"
"China","2000","Female","Per 100,000 population","Modeled","21.54539"
"China","2000","Male","Per 100,000 population","Modeled","15.44036"
"China","2000","Total","Per 100,000 population","Modeled","18.39307"
"Colombia","2012","Female","Per 100,000 population","Country Adjusted","2.044923"
"Colombia","2012","Male","Per 100,000 population","Country Adjusted","9.090517"
"Colombia","2012","Total","Per 100,000 population","Country Adjusted","5.509974"
"Colombia","2000","Female","Per 100,000 population","Country Adjusted","3.269592"
"Colombia","2000","Male","Per 100,000 population","Country Adjusted","10.87272"
"Colombia","2000","Total","Per 100,000 population","Country Adjusted","7.020689"
"Comoros","2012","Female","Per 100,000 population","Modeled","5.97106"
"Comoros","2012","Male","Per 100,000 population","Modeled","14.89113"
"Comoros","2012","Total","Per 100,000 population","Modeled","10.4637"
"Comoros","2000","Female","Per 100,000 population","Modeled","6.062778"
"Comoros","2000","Male","Per 100,000 population","Modeled","14.83409"
"Comoros","2000","Total","Per 100,000 population","Modeled","10.46211"
"Congo","2012","Female","Per 100,000 population","Modeled","3.784279"
"Congo","2012","Male","Per 100,000 population","Modeled","11.80438"
"Congo","2012","Total","Per 100,000 population","Modeled","7.79317"
"Congo","2000","Female","Per 100,000 population","Modeled","4.70322"
"Congo","2000","Male","Per 100,000 population","Modeled","12.6389"
"Congo","2000","Total","Per 100,000 population","Modeled","8.66278"
"Costa Rica","2012","Female","Per 100,000 population","Country Adjusted","2.220697"
"Costa Rica","2012","Male","Per 100,000 population","Country Adjusted","11.3963"
"Costa Rica","2012","Total","Per 100,000 population","Country Adjusted","6.880387"
"Costa Rica","2000","Female","Per 100,000 population","Country Adjusted","1.652938"
"Costa Rica","2000","Male","Per 100,000 population","Country Adjusted","11.05667"
"Costa Rica","2000","Total","Per 100,000 population","Country Adjusted","6.433437"
"Côte d'Ivoire","2012","Female","Per 100,000 population","Modeled","2.868111"
"Côte d'Ivoire","2012","Male","Per 100,000 population","Modeled","7.752376"
"Côte d'Ivoire","2012","Total","Per 100,000 population","Modeled","5.359594"
"Côte d'Ivoire","2000","Female","Per 100,000 population","Modeled","2.315575"
"Côte d'Ivoire","2000","Male","Per 100,000 population","Modeled","6.597993"
"Côte d'Ivoire","2000","Total","Per 100,000 population","Modeled","4.529455"
"Croatia","2012","Female","Per 100,000 population","Country Adjusted","6.95272"
"Croatia","2012","Male","Per 100,000 population","Country Adjusted","26.707"
"Croatia","2012","Total","Per 100,000 population","Country Adjusted","16.48266"
"Croatia","2000","Female","Per 100,000 population","Country Adjusted","10.1734"
"Croatia","2000","Male","Per 100,000 population","Country Adjusted","32.3733"
"Croatia","2000","Total","Per 100,000 population","Country Adjusted","20.86524"
"Cuba","2012","Female","Per 100,000 population","Country Adjusted","5.951815"
"Cuba","2012","Male","Per 100,000 population","Country Adjusted","23.20581"
"Cuba","2012","Total","Per 100,000 population","Country Adjusted","14.62496"
"Cuba","2000","Female","Per 100,000 population","Country Adjusted","9.593966"
"Cuba","2000","Male","Per 100,000 population","Country Adjusted","22.64808"
"Cuba","2000","Total","Per 100,000 population","Country Adjusted","16.15179"
"Cyprus","2012","Female","Per 100,000 population","Country Adjusted","1.590121"
"Cyprus","2012","Male","Per 100,000 population","Country Adjusted","8.552449"
"Cyprus","2012","Total","Per 100,000 population","Country Adjusted","5.146619"
"Cyprus","2000","Female","Per 100,000 population","Country Adjusted","1.081345"
"Cyprus","2000","Male","Per 100,000 population","Country Adjusted","1.538667"
"Cyprus","2000","Total","Per 100,000 population","Country Adjusted","1.311839"
"Czech Republic","2012","Female","Per 100,000 population","Country Adjusted","4.972663"
"Czech Republic","2012","Male","Per 100,000 population","Country Adjusted","26.58019"
"Czech Republic","2012","Total","Per 100,000 population","Country Adjusted","15.60314"
"Czech Republic","2000","Female","Per 100,000 population","Country Adjusted","6.872552"
"Czech Republic","2000","Male","Per 100,000 population","Country Adjusted","26.70886"
"Czech Republic","2000","Total","Per 100,000 population","Country Adjusted","16.52716"
"Democratic Republic of the Congo","2012","Female","Per 100,000 population","Modeled","3.893132"
"Democratic Republic of the Congo","2012","Male","Per 100,000 population","Modeled","12.13549"
"Democratic Republic of the Congo","2012","Total","Per 100,000 population","Modeled","7.987359"
"Democratic Republic of the Congo","2000","Female","Per 100,000 population","Modeled","2.774617"
"Democratic Republic of the Congo","2000","Male","Per 100,000 population","Modeled","9.341277"
"Democratic Republic of the Congo","2000","Total","Per 100,000 population","Modeled","6.029718"
"Denmark","2012","Female","Per 100,000 population","Country Adjusted","5.46892"
"Denmark","2012","Male","Per 100,000 population","Country Adjusted","16.95892"
"Denmark","2012","Total","Per 100,000 population","Country Adjusted","11.17013"
"Denmark","2000","Female","Per 100,000 population","Country Adjusted","7.928675"
"Denmark","2000","Male","Per 100,000 population","Country Adjusted","21.95284"
"Denmark","2000","Total","Per 100,000 population","Country Adjusted","14.86515"
"Djibouti","2012","Female","Per 100,000 population","Modeled","6.342554"
"Djibouti","2012","Male","Per 100,000 population","Modeled","14.95813"
"Djibouti","2012","Total","Per 100,000 population","Modeled","10.67062"
"Djibouti","2000","Female","Per 100,000 population","Modeled","5.761272"
"Djibouti","2000","Male","Per 100,000 population","Modeled","13.59573"
"Djibouti","2000","Total","Per 100,000 population","Modeled","9.699304"
"Dominican Republic","2012","Female","Per 100,000 population","Estimated","1.850049"
"Dominican Republic","2012","Male","Per 100,000 population","Estimated","5.440658"
"Dominican Republic","2012","Total","Per 100,000 population","Estimated","3.646751"
"Dominican Republic","2000","Female","Per 100,000 population","Estimated","2.564499"
"Dominican Republic","2000","Male","Per 100,000 population","Estimated","6.987591"
"Dominican Republic","2000","Total","Per 100,000 population","Estimated","4.788319"
"Ecuador","2012","Female","Per 100,000 population","Estimated","5.290834"
"Ecuador","2012","Male","Per 100,000 population","Estimated","12.48734"
"Ecuador","2012","Total","Per 100,000 population","Estimated","8.889646"
"Ecuador","2000","Female","Per 100,000 population","Estimated","5.723991"
"Ecuador","2000","Male","Per 100,000 population","Estimated","10.88531"
"Ecuador","2000","Total","Per 100,000 population","Estimated","8.313164"
"Egypt","2012","Female","Per 100,000 population","Estimated","1.078247"
"Egypt","2012","Male","Per 100,000 population","Estimated","2.049932"
"Egypt","2012","Total","Per 100,000 population","Estimated","1.566174"
"Egypt","2000","Female","Per 100,000 population","Estimated","1.924439"
"Egypt","2000","Male","Per 100,000 population","Estimated","2.64715"
"Egypt","2000","Total","Per 100,000 population","Estimated","2.287993"
"El Salvador","2012","Female","Per 100,000 population","Estimated","5.76862"
"El Salvador","2012","Male","Per 100,000 population","Estimated","20.59655"
"El Salvador","2012","Total","Per 100,000 population","Estimated","12.8021"
"El Salvador","2000","Female","Per 100,000 population","Estimated","6.945724"
"El Salvador","2000","Male","Per 100,000 population","Estimated","16.79118"
"El Salvador","2000","Total","Per 100,000 population","Estimated","11.69259"
"Equatorial Guinea","2012","Female","Per 100,000 population","Modeled","7.361146"
"Equatorial Guinea","2012","Male","Per 100,000 population","Modeled","20.14222"
"Equatorial Guinea","2012","Total","Per 100,000 population","Modeled","13.9085"
"Equatorial Guinea","2000","Female","Per 100,000 population","Modeled","5.108172"
"Equatorial Guinea","2000","Male","Per 100,000 population","Modeled","16.93474"
"Equatorial Guinea","2000","Total","Per 100,000 population","Modeled","11.16101"
"Eritrea","2012","Female","Per 100,000 population","Modeled","4.042851"
"Eritrea","2012","Male","Per 100,000 population","Modeled","12.61909"
"Eritrea","2012","Total","Per 100,000 population","Modeled","8.32013"
"Eritrea","2000","Female","Per 100,000 population","Modeled","4.399111"
"Eritrea","2000","Male","Per 100,000 population","Modeled","12.91376"
"Eritrea","2000","Total","Per 100,000 population","Modeled","8.620689"
"Estonia","2012","Female","Per 100,000 population","Country Adjusted","6.849466"
"Estonia","2012","Male","Per 100,000 population","Country Adjusted","32.42961"
"Estonia","2012","Total","Per 100,000 population","Country Adjusted","18.71299"
"Estonia","2000","Female","Per 100,000 population","Country Adjusted","12.64467"
"Estonia","2000","Male","Per 100,000 population","Country Adjusted","48.70529"
"Estonia","2000","Total","Per 100,000 population","Country Adjusted","29.26571"
"Ethiopia","2012","Female","Per 100,000 population","Modeled","3.884736"
"Ethiopia","2012","Male","Per 100,000 population","Modeled","11.05218"
"Ethiopia","2012","Total","Per 100,000 population","Modeled","7.470207"
"Ethiopia","2000","Female","Per 100,000 population","Modeled","4.284356"
"Ethiopia","2000","Male","Per 100,000 population","Modeled","13.00896"
"Ethiopia","2000","Total","Per 100,000 population","Modeled","8.640491"
"Fiji","2012","Female","Per 100,000 population","Estimated","3.242132"
"Fiji","2012","Male","Per 100,000 population","Estimated","8.497352"
"Fiji","2012","Total","Per 100,000 population","Estimated","5.921231"
"Fiji","2000","Female","Per 100,000 population","Estimated","3.665862"
"Fiji","2000","Male","Per 100,000 population","Estimated","7.839417"
"Fiji","2000","Total","Per 100,000 population","Estimated","5.785624"
"Finland","2012","Female","Per 100,000 population","Country Adjusted","8.146722"
"Finland","2012","Male","Per 100,000 population","Country Adjusted","25.54071"
"Finland","2012","Total","Per 100,000 population","Country Adjusted","16.68945"
"Finland","2000","Female","Per 100,000 population","Country Adjusted","11.37339"
"Finland","2000","Male","Per 100,000 population","Country Adjusted","35.5648"
"Finland","2000","Total","Per 100,000 population","Country Adjusted","23.17985"
"France","2012","Female","Per 100,000 population","Country Adjusted","7.935411"
"France","2012","Male","Per 100,000 population","Country Adjusted","24.1589"
"France","2012","Total","Per 100,000 population","Country Adjusted","15.78652"
"France","2000","Female","Per 100,000 population","Country Adjusted","9.460186"
"France","2000","Male","Per 100,000 population","Country Adjusted","27.73074"
"France","2000","Total","Per 100,000 population","Country Adjusted","18.30572"
"Gabon","2012","Female","Per 100,000 population","Modeled","3.834239"
"Gabon","2012","Male","Per 100,000 population","Modeled","10.12834"
"Gabon","2012","Total","Per 100,000 population","Modeled","6.996159"
"Gabon","2000","Female","Per 100,000 population","Modeled","3.719789"
"Gabon","2000","Male","Per 100,000 population","Modeled","9.60586"
"Gabon","2000","Total","Per 100,000 population","Modeled","6.638322"
"Gambia","2012","Female","Per 100,000 population","Modeled","1.618193"
"Gambia","2012","Male","Per 100,000 population","Modeled","4.869242"
"Gambia","2012","Total","Per 100,000 population","Modeled","3.226523"
"Gambia","2000","Female","Per 100,000 population","Modeled","1.726596"
"Gambia","2000","Male","Per 100,000 population","Modeled","5.062827"
"Gambia","2000","Total","Per 100,000 population","Modeled","3.383343"
"Georgia","2012","Female","Per 100,000 population","Estimated","1.401939"
"Georgia","2012","Male","Per 100,000 population","Estimated","6.440351"
"Georgia","2012","Total","Per 100,000 population","Estimated","3.776814"
"Georgia","2000","Female","Per 100,000 population","Estimated","1.612151"
"Georgia","2000","Male","Per 100,000 population","Estimated","7.852849"
"Georgia","2000","Total","Per 100,000 population","Estimated","4.565631"
"Germany","2012","Female","Per 100,000 population","Country Adjusted","6.20852"
"Germany","2012","Male","Per 100,000 population","Country Adjusted","20.00595"
"Germany","2012","Total","Per 100,000 population","Country Adjusted","12.97631"
"Germany","2000","Female","Per 100,000 population","Country Adjusted","7.439286"
"Germany","2000","Male","Per 100,000 population","Country Adjusted","21.50733"
"Germany","2000","Total","Per 100,000 population","Country Adjusted","14.30075"
"Ghana","2012","Female","Per 100,000 population","Modeled","1.600994"
"Ghana","2012","Male","Per 100,000 population","Modeled","2.958212"
"Ghana","2012","Total","Per 100,000 population","Modeled","2.273126"
"Ghana","2000","Female","Per 100,000 population","Modeled","1.21015"
"Ghana","2000","Male","Per 100,000 population","Modeled","2.365993"
"Ghana","2000","Total","Per 100,000 population","Modeled","1.793866"
"Greece","2012","Female","Per 100,000 population","Estimated","1.752034"
"Greece","2012","Male","Per 100,000 population","Estimated","8.179648"
"Greece","2012","Total","Per 100,000 population","Estimated","4.923086"
"Greece","2000","Female","Per 100,000 population","Estimated","1.511434"
"Greece","2000","Male","Per 100,000 population","Estimated","6.797668"
"Greece","2000","Total","Per 100,000 population","Estimated","4.120545"
"Guatemala","2012","Female","Per 100,000 population","Estimated","4.098693"
"Guatemala","2012","Male","Per 100,000 population","Estimated","10.66093"
"Guatemala","2012","Total","Per 100,000 population","Estimated","7.298079"
"Guatemala","2000","Female","Per 100,000 population","Estimated","3.140373"
"Guatemala","2000","Male","Per 100,000 population","Estimated","8.531394"
"Guatemala","2000","Total","Per 100,000 population","Estimated","5.787963"
"Guinea","2012","Female","Per 100,000 population","Modeled","1.66054"
"Guinea","2012","Male","Per 100,000 population","Modeled","4.921979"
"Guinea","2012","Total","Per 100,000 population","Modeled","3.293687"
"Guinea","2000","Female","Per 100,000 population","Modeled","1.713317"
"Guinea","2000","Male","Per 100,000 population","Modeled","4.92925"
"Guinea","2000","Total","Per 100,000 population","Modeled","3.314646"
"Guinea-Bissau","2012","Female","Per 100,000 population","Modeled","1.644324"
"Guinea-Bissau","2012","Male","Per 100,000 population","Modeled","4.5431"
"Guinea-Bissau","2012","Total","Per 100,000 population","Modeled","3.085223"
"Guinea-Bissau","2000","Female","Per 100,000 population","Modeled","1.601366"
"Guinea-Bissau","2000","Male","Per 100,000 population","Modeled","4.078797"
"Guinea-Bissau","2000","Total","Per 100,000 population","Modeled","2.828145"
"Guyana","2012","Female","Per 100,000 population","Estimated","18.28239"
"Guyana","2012","Male","Per 100,000 population","Estimated","50.80281"
"Guyana","2012","Total","Per 100,000 population","Estimated","34.80732"
"Guyana","2000","Female","Per 100,000 population","Estimated","21.12221"
"Guyana","2000","Male","Per 100,000 population","Estimated","61.49036"
"Guyana","2000","Total","Per 100,000 population","Estimated","41.30593"
"Haiti","2012","Female","Per 100,000 population","Estimated","2.08564"
"Haiti","2012","Male","Per 100,000 population","Estimated","2.544125"
"Haiti","2012","Total","Per 100,000 population","Estimated","2.312176"
"Haiti","2000","Female","Per 100,000 population","Estimated","2.179057"
"Haiti","2000","Male","Per 100,000 population","Estimated","2.786997"
"Haiti","2000","Total","Per 100,000 population","Estimated","2.479661"
"Honduras","2012","Female","Per 100,000 population","Modeled","2.768344"
"Honduras","2012","Male","Per 100,000 population","Modeled","6.966591"
"Honduras","2012","Total","Per 100,000 population","Modeled","4.86826"
"Honduras","2000","Female","Per 100,000 population","Modeled","2.853232"
"Honduras","2000","Male","Per 100,000 population","Modeled","6.46726"
"Honduras","2000","Total","Per 100,000 population","Modeled","4.65856"
"Hungary","2012","Female","Per 100,000 population","Country Adjusted","10.84277"
"Hungary","2012","Male","Per 100,000 population","Country Adjusted","41.4188"
"Hungary","2012","Total","Per 100,000 population","Country Adjusted","25.37065"
"Hungary","2000","Female","Per 100,000 population","Country Adjusted","15.319"
"Hungary","2000","Male","Per 100,000 population","Country Adjusted","51.18938"
"Hungary","2000","Total","Per 100,000 population","Country Adjusted","32.38697"
"Iceland","2012","Female","Per 100,000 population","Country Adjusted","7.515071"
"Iceland","2012","Male","Per 100,000 population","Country Adjusted","22.52735"
"Iceland","2012","Total","Per 100,000 population","Country Adjusted","15.06979"
"Iceland","2000","Female","Per 100,000 population","Country Adjusted","6.430828"
"Iceland","2000","Male","Per 100,000 population","Country Adjusted","26.30303"
"Iceland","2000","Total","Per 100,000 population","Country Adjusted","16.37916"
"India","2012","Female","Per 100,000 population","Modeled","16.74317"
"India","2012","Male","Per 100,000 population","Modeled","24.71964"
"India","2012","Total","Per 100,000 population","Modeled","20.86828"
"India","2000","Female","Per 100,000 population","Modeled","20.25953"
"India","2000","Male","Per 100,000 population","Modeled","23.59223"
"India","2000","Total","Per 100,000 population","Modeled","21.98684"
"Indonesia","2012","Female","Per 100,000 population","Modeled","4.244129"
"Indonesia","2012","Male","Per 100,000 population","Modeled","3.139682"
"Indonesia","2012","Total","Per 100,000 population","Modeled","3.688444"
"Indonesia","2000","Female","Per 100,000 population","Modeled","5.192117"
"Indonesia","2000","Male","Per 100,000 population","Modeled","4.11911"
"Indonesia","2000","Total","Per 100,000 population","Modeled","4.655528"
"Iran (Islamic Republic of)","2012","Female","Per 100,000 population","Estimated","3.610022"
"Iran (Islamic Republic of)","2012","Male","Per 100,000 population","Estimated","7.013254"
"Iran (Islamic Republic of)","2012","Total","Per 100,000 population","Estimated","5.32427"
"Iran (Islamic Republic of)","2000","Female","Per 100,000 population","Estimated","6.054668"
"Iran (Islamic Republic of)","2000","Male","Per 100,000 population","Estimated","7.181972"
"Iran (Islamic Republic of)","2000","Total","Per 100,000 population","Estimated","6.627713"
"Iraq","2012","Female","Per 100,000 population","Estimated","1.518901"
"Iraq","2012","Male","Per 100,000 population","Estimated","0.7815124"
"Iraq","2012","Total","Per 100,000 population","Estimated","1.146048"
"Iraq","2000","Female","Per 100,000 population","Estimated","1.407564"
"Iraq","2000","Male","Per 100,000 population","Estimated","0.6567982"
"Iraq","2000","Total","Per 100,000 population","Estimated","1.027997"
"Ireland","2012","Female","Per 100,000 population","Country Adjusted","5.481541"
"Ireland","2012","Male","Per 100,000 population","Country Adjusted","17.68034"
"Ireland","2012","Total","Per 100,000 population","Country Adjusted","11.53397"
"Ireland","2000","Female","Per 100,000 population","Country Adjusted","4.505333"
"Ireland","2000","Male","Per 100,000 population","Country Adjusted","20.85196"
"Ireland","2000","Total","Per 100,000 population","Country Adjusted","12.62905"
"Israel","2012","Female","Per 100,000 population","Country Adjusted","2.43224"
"Israel","2012","Male","Per 100,000 population","Country Adjusted","10.00821"
"Israel","2012","Total","Per 100,000 population","Country Adjusted","6.179532"
"Israel","2000","Female","Per 100,000 population","Country Adjusted","2.743756"
"Israel","2000","Male","Per 100,000 population","Country Adjusted","10.31122"
"Israel","2000","Total","Per 100,000 population","Country Adjusted","6.47318"
"Italy","2012","Female","Per 100,000 population","Country Adjusted","2.608296"
"Italy","2012","Male","Per 100,000 population","Country Adjusted","10.45714"
"Italy","2012","Total","Per 100,000 population","Country Adjusted","6.419246"
"Italy","2000","Female","Per 100,000 population","Country Adjusted","3.3714"
"Italy","2000","Male","Per 100,000 population","Country Adjusted","10.3945"
"Italy","2000","Total","Per 100,000 population","Country Adjusted","6.77038"
"Jamaica","2012","Female","Per 100,000 population","Estimated","0.7129158"
"Jamaica","2012","Male","Per 100,000 population","Estimated","1.670372"
"Jamaica","2012","Total","Per 100,000 population","Estimated","1.184238"
"Jamaica","2000","Female","Per 100,000 population","Estimated","0.6250824"
"Jamaica","2000","Male","Per 100,000 population","Estimated","1.501467"
"Jamaica","2000","Total","Per 100,000 population","Estimated","1.05894"
"Japan","2012","Female","Per 100,000 population","Country Adjusted","13.09833"
"Japan","2012","Male","Per 100,000 population","Country Adjusted","33.74258"
"Japan","2012","Total","Per 100,000 population","Country Adjusted","23.14646"
"Japan","2000","Female","Per 100,000 population","Country Adjusted","13.74184"
"Japan","2000","Male","Per 100,000 population","Country Adjusted","35.95791"
"Japan","2000","Total","Per 100,000 population","Country Adjusted","24.60831"
"Jordan","2012","Female","Per 100,000 population","Estimated","1.582048"
"Jordan","2012","Male","Per 100,000 population","Estimated","1.678748"
"Jordan","2012","Total","Per 100,000 population","Estimated","1.631418"
"Jordan","2000","Female","Per 100,000 population","Estimated","1.753561"
"Jordan","2000","Male","Per 100,000 population","Estimated","2.019889"
"Jordan","2000","Total","Per 100,000 population","Estimated","1.892284"
"Kazakhstan","2012","Female","Per 100,000 population","Country Adjusted","9.470349"
"Kazakhstan","2012","Male","Per 100,000 population","Country Adjusted","40.14546"
"Kazakhstan","2012","Total","Per 100,000 population","Country Adjusted","24.24877"
"Kazakhstan","2000","Female","Per 100,000 population","Country Adjusted","12.76492"
"Kazakhstan","2000","Male","Per 100,000 population","Country Adjusted","62.63871"
"Kazakhstan","2000","Total","Per 100,000 population","Country Adjusted","36.68477"
"Kenya","2012","Female","Per 100,000 population","Modeled","4.854286"
"Kenya","2012","Male","Per 100,000 population","Modeled","16.6942"
"Kenya","2012","Total","Per 100,000 population","Modeled","10.76214"
"Kenya","2000","Female","Per 100,000 population","Modeled","5.295006"
"Kenya","2000","Male","Per 100,000 population","Modeled","16.06218"
"Kenya","2000","Total","Per 100,000 population","Modeled","10.6605"
"Kuwait","2012","Female","Per 100,000 population","Country Adjusted","0.9118921"
"Kuwait","2012","Male","Per 100,000 population","Country Adjusted","1.094908"
"Kuwait","2012","Total","Per 100,000 population","Country Adjusted","1.02131"
"Kuwait","2000","Female","Per 100,000 population","Country Adjusted","1.752953"
"Kuwait","2000","Male","Per 100,000 population","Country Adjusted","1.775122"
"Kuwait","2000","Total","Per 100,000 population","Country Adjusted","1.766012"
"Kyrgyzstan","2012","Female","Per 100,000 population","Country Adjusted","4.482999"
"Kyrgyzstan","2012","Male","Per 100,000 population","Country Adjusted","13.34349"
"Kyrgyzstan","2012","Total","Per 100,000 population","Country Adjusted","8.853089"
"Kyrgyzstan","2000","Female","Per 100,000 population","Country Adjusted","5.107591"
"Kyrgyzstan","2000","Male","Per 100,000 population","Country Adjusted","20.29786"
"Kyrgyzstan","2000","Total","Per 100,000 population","Country Adjusted","12.60096"
"Lao People's Democratic Republic","2012","Female","Per 100,000 population","Modeled","4.823829"
"Lao People's Democratic Republic","2012","Male","Per 100,000 population","Modeled","7.893859"
"Lao People's Democratic Republic","2012","Total","Per 100,000 population","Modeled","6.351107"
"Lao People's Democratic Republic","2000","Female","Per 100,000 population","Modeled","8.907267"
"Lao People's Democratic Republic","2000","Male","Per 100,000 population","Modeled","12.10563"
"Lao People's Democratic Republic","2000","Total","Per 100,000 population","Modeled","10.502"
"Latvia","2012","Female","Per 100,000 population","Country Adjusted","6.384343"
"Latvia","2012","Male","Per 100,000 population","Country Adjusted","40.07998"
"Latvia","2012","Total","Per 100,000 population","Country Adjusted","21.78219"
"Latvia","2000","Female","Per 100,000 population","Country Adjusted","12.67376"
"Latvia","2000","Male","Per 100,000 population","Country Adjusted","59.59358"
"Latvia","2000","Total","Per 100,000 population","Country Adjusted","34.26081"
"Lebanon","2012","Female","Per 100,000 population","Modeled","0.6169597"
"Lebanon","2012","Male","Per 100,000 population","Modeled","1.220965"
"Lebanon","2012","Total","Per 100,000 population","Modeled","0.9242266"
"Lebanon","2000","Female","Per 100,000 population","Modeled","1.129016"
"Lebanon","2000","Male","Per 100,000 population","Modeled","1.923385"
"Lebanon","2000","Total","Per 100,000 population","Modeled","1.52312"
"Lesotho","2012","Female","Per 100,000 population","Modeled","3.097054"
"Lesotho","2012","Male","Per 100,000 population","Modeled","7.727926"
"Lesotho","2012","Total","Per 100,000 population","Modeled","5.378623"
"Lesotho","2000","Female","Per 100,000 population","Modeled","2.056029"
"Lesotho","2000","Male","Per 100,000 population","Modeled","4.838387"
"Lesotho","2000","Total","Per 100,000 population","Modeled","3.404303"
"Liberia","2012","Female","Per 100,000 population","Modeled","1.240896"
"Liberia","2012","Male","Per 100,000 population","Modeled","3.958926"
"Liberia","2012","Total","Per 100,000 population","Modeled","2.609036"
"Liberia","2000","Female","Per 100,000 population","Modeled","1.455616"
"Liberia","2000","Male","Per 100,000 population","Modeled","5.042452"
"Liberia","2000","Total","Per 100,000 population","Modeled","3.24799"
"Libya","2012","Female","Per 100,000 population","Modeled","1.22811"
"Libya","2012","Male","Per 100,000 population","Modeled","1.707767"
"Libya","2012","Total","Per 100,000 population","Modeled","1.469622"
"Libya","2000","Female","Per 100,000 population","Modeled","1.838754"
"Libya","2000","Male","Per 100,000 population","Modeled","2.829572"
"Libya","2000","Total","Per 100,000 population","Modeled","2.353364"
"Lithuania","2012","Female","Per 100,000 population","Country Adjusted","10.87729"
"Lithuania","2012","Male","Per 100,000 population","Country Adjusted","59.9974"
"Lithuania","2012","Total","Per 100,000 population","Country Adjusted","33.50274"
"Lithuania","2000","Female","Per 100,000 population","Country Adjusted","18.00328"
"Lithuania","2000","Male","Per 100,000 population","Country Adjusted","85.11949"
"Lithuania","2000","Total","Per 100,000 population","Country Adjusted","49.42179"
"Luxembourg","2012","Female","Per 100,000 population","Country Adjusted","5.478065"
"Luxembourg","2012","Male","Per 100,000 population","Country Adjusted","16.36468"
"Luxembourg","2012","Total","Per 100,000 population","Country Adjusted","10.89413"
"Luxembourg","2000","Female","Per 100,000 population","Country Adjusted","9.021787"
"Luxembourg","2000","Male","Per 100,000 population","Country Adjusted","23.11524"
"Luxembourg","2000","Total","Per 100,000 population","Country Adjusted","15.96299"
"Madagascar","2012","Female","Per 100,000 population","Modeled","4.240094"
"Madagascar","2012","Male","Per 100,000 population","Modeled","10.35759"
"Madagascar","2012","Total","Per 100,000 population","Modeled","7.288237"
"Madagascar","2000","Female","Per 100,000 population","Modeled","4.237028"
"Madagascar","2000","Male","Per 100,000 population","Modeled","10.15545"
"Madagascar","2000","Total","Per 100,000 population","Modeled","7.183802"
"Malawi","2012","Female","Per 100,000 population","Modeled","4.66296"
"Malawi","2012","Male","Per 100,000 population","Modeled","12.61999"
"Malawi","2012","Total","Per 100,000 population","Modeled","8.648825"
"Malawi","2000","Female","Per 100,000 population","Modeled","3.558857"
"Malawi","2000","Male","Per 100,000 population","Modeled","11.02468"
"Malawi","2000","Total","Per 100,000 population","Modeled","7.264705"
"Malaysia","2012","Female","Per 100,000 population","Estimated","1.218085"
"Malaysia","2012","Male","Per 100,000 population","Estimated","4.146764"
"Malaysia","2012","Total","Per 100,000 population","Estimated","2.638767"
"Malaysia","2000","Female","Per 100,000 population","Estimated","1.676784"
"Malaysia","2000","Male","Per 100,000 population","Estimated","4.384947"
"Malaysia","2000","Total","Per 100,000 population","Estimated","3.053878"
"Maldives","2012","Female","Per 100,000 population","Estimated","3.545282"
"Maldives","2012","Male","Per 100,000 population","Estimated","6.399879"
"Maldives","2012","Total","Per 100,000 population","Estimated","4.983343"
"Maldives","2000","Female","Per 100,000 population","Estimated","9.73562"
"Maldives","2000","Male","Per 100,000 population","Estimated","14.78378"
"Maldives","2000","Total","Per 100,000 population","Estimated","12.30881"
"Mali","2012","Female","Per 100,000 population","Modeled","1.744998"
"Mali","2012","Male","Per 100,000 population","Modeled","3.763353"
"Mali","2012","Total","Per 100,000 population","Modeled","2.761923"
"Mali","2000","Female","Per 100,000 population","Modeled","1.946186"
"Mali","2000","Male","Per 100,000 population","Modeled","4.627016"
"Mali","2000","Total","Per 100,000 population","Modeled","3.283092"
"Malta","2012","Female","Per 100,000 population","Country Adjusted","0.7400402"
"Malta","2012","Male","Per 100,000 population","Country Adjusted","12.83992"
"Malta","2012","Total","Per 100,000 population","Country Adjusted","6.790377"
"Malta","2000","Female","Per 100,000 population","Country Adjusted","2.482582"
"Malta","2000","Male","Per 100,000 population","Country Adjusted","11.00701"
"Malta","2000","Total","Per 100,000 population","Country Adjusted","6.718867"
"Mauritania","2012","Female","Per 100,000 population","Modeled","0.9680607"
"Mauritania","2012","Male","Per 100,000 population","Modeled","2.579151"
"Mauritania","2012","Total","Per 100,000 population","Modeled","1.779278"
"Mauritania","2000","Female","Per 100,000 population","Modeled","1.013705"
"Mauritania","2000","Male","Per 100,000 population","Modeled","2.733284"
"Mauritania","2000","Total","Per 100,000 population","Modeled","1.874929"
"Mauritius","2012","Female","Per 100,000 population","Country Adjusted","3.019715"
"Mauritius","2012","Male","Per 100,000 population","Country Adjusted","14.1097"
"Mauritius","2012","Total","Per 100,000 population","Country Adjusted","8.496942"
"Mauritius","2000","Female","Per 100,000 population","Country Adjusted","5.14248"
"Mauritius","2000","Male","Per 100,000 population","Country Adjusted","14.95899"
"Mauritius","2000","Total","Per 100,000 population","Country Adjusted","10.01029"
"Mexico","2012","Female","Per 100,000 population","Country Adjusted","1.709623"
"Mexico","2012","Male","Per 100,000 population","Country Adjusted","6.668718"
"Mexico","2012","Total","Per 100,000 population","Country Adjusted","4.111635"
"Mexico","2000","Female","Per 100,000 population","Country Adjusted","1.101046"
"Mexico","2000","Male","Per 100,000 population","Country Adjusted","6.178587"
"Mexico","2000","Total","Per 100,000 population","Country Adjusted","3.556426"
"Mongolia","2012","Female","Per 100,000 population","Modeled","3.345128"
"Mongolia","2012","Male","Per 100,000 population","Modeled","15.45579"
"Mongolia","2012","Total","Per 100,000 population","Modeled","9.347818"
"Mongolia","2000","Female","Per 100,000 population","Modeled","4.580619"
"Mongolia","2000","Male","Per 100,000 population","Modeled","12.6612"
"Mongolia","2000","Total","Per 100,000 population","Modeled","8.610448"
"Montenegro","2012","Female","Per 100,000 population","Estimated","9.006196"
"Montenegro","2012","Male","Per 100,000 population","Estimated","29.01992"
"Montenegro","2012","Total","Per 100,000 population","Estimated","18.89417"
"Montenegro","2000","Female","Per 100,000 population","Estimated","6.058216"
"Montenegro","2000","Male","Per 100,000 population","Estimated","19.32336"
"Montenegro","2000","Total","Per 100,000 population","Estimated","12.57687"
"Morocco","2012","Female","Per 100,000 population","Estimated","1.198708"
"Morocco","2012","Male","Per 100,000 population","Estimated","8.92781"
"Morocco","2012","Total","Per 100,000 population","Estimated","5.006815"
"Morocco","2000","Female","Per 100,000 population","Estimated","1.248515"
"Morocco","2000","Male","Per 100,000 population","Estimated","3.651412"
"Morocco","2000","Total","Per 100,000 population","Estimated","2.441559"
"Mozambique","2012","Female","Per 100,000 population","Modeled","12.70972"
"Mozambique","2012","Male","Per 100,000 population","Modeled","22.10932"
"Mozambique","2012","Total","Per 100,000 population","Modeled","17.30035"
"Mozambique","2000","Female","Per 100,000 population","Modeled","11.95733"
"Mozambique","2000","Male","Per 100,000 population","Modeled","21.5419"
"Mozambique","2000","Total","Per 100,000 population","Modeled","16.56541"
"Myanmar","2012","Female","Per 100,000 population","Modeled","9.947758"
"Myanmar","2012","Male","Per 100,000 population","Modeled","15.04446"
"Myanmar","2012","Total","Per 100,000 population","Modeled","12.42093"
"Myanmar","2000","Female","Per 100,000 population","Modeled","9.440329"
"Myanmar","2000","Male","Per 100,000 population","Modeled","12.47288"
"Myanmar","2000","Total","Per 100,000 population","Modeled","10.92591"
"Namibia","2012","Female","Per 100,000 population","Modeled","1.093388"
"Namibia","2012","Male","Per 100,000 population","Modeled","3.042019"
"Namibia","2012","Total","Per 100,000 population","Modeled","2.038825"
"Namibia","2000","Female","Per 100,000 population","Modeled","1.285815"
"Namibia","2000","Male","Per 100,000 population","Modeled","3.294352"
"Namibia","2000","Total","Per 100,000 population","Modeled","2.272963"
"Nepal","2012","Female","Per 100,000 population","Modeled","17.45085"
"Nepal","2012","Male","Per 100,000 population","Modeled","23.28655"
"Nepal","2012","Total","Per 100,000 population","Modeled","20.28226"
"Nepal","2000","Female","Per 100,000 population","Modeled","22.25325"
"Nepal","2000","Male","Per 100,000 population","Modeled","28.3689"
"Nepal","2000","Total","Per 100,000 population","Modeled","25.30085"
"Netherlands","2012","Female","Per 100,000 population","Country Adjusted","5.887909"
"Netherlands","2012","Male","Per 100,000 population","Country Adjusted","14.25592"
"Netherlands","2012","Total","Per 100,000 population","Country Adjusted","10.03449"
"Netherlands","2000","Female","Per 100,000 population","Country Adjusted","6.251235"
"Netherlands","2000","Male","Per 100,000 population","Country Adjusted","12.60443"
"Netherlands","2000","Total","Per 100,000 population","Country Adjusted","9.393653"
"New Zealand","2012","Female","Per 100,000 population","Country Adjusted","5.361904"
"New Zealand","2012","Male","Per 100,000 population","Country Adjusted","15.4047"
"New Zealand","2012","Total","Per 100,000 population","Country Adjusted","10.29455"
"New Zealand","2000","Female","Per 100,000 population","Country Adjusted","4.352402"
"New Zealand","2000","Male","Per 100,000 population","Country Adjusted","20.39015"
"New Zealand","2000","Total","Per 100,000 population","Country Adjusted","12.22578"
"Nicaragua","2012","Female","Per 100,000 population","Estimated","4.812259"
"Nicaragua","2012","Male","Per 100,000 population","Estimated","13.5408"
"Nicaragua","2012","Total","Per 100,000 population","Estimated","9.129221"
"Nicaragua","2000","Female","Per 100,000 population","Estimated","5.879258"
"Nicaragua","2000","Male","Per 100,000 population","Estimated","13.65008"
"Nicaragua","2000","Total","Per 100,000 population","Estimated","9.747745"
"Niger","2012","Female","Per 100,000 population","Modeled","1.026523"
"Niger","2012","Male","Per 100,000 population","Modeled","2.630144"
"Niger","2012","Total","Per 100,000 population","Modeled","1.834255"
"Niger","2000","Female","Per 100,000 population","Modeled","1.066847"
"Niger","2000","Male","Per 100,000 population","Modeled","2.714236"
"Niger","2000","Total","Per 100,000 population","Modeled","1.889962"
"Nigeria","2012","Female","Per 100,000 population","Modeled","1.910459"
"Nigeria","2012","Male","Per 100,000 population","Modeled","6.581229"
"Nigeria","2012","Total","Per 100,000 population","Modeled","4.286828"
"Nigeria","2000","Female","Per 100,000 population","Modeled","1.822601"
"Nigeria","2000","Male","Per 100,000 population","Modeled","6.94181"
"Nigeria","2000","Total","Per 100,000 population","Modeled","4.414336"
"Norway","2012","Female","Per 100,000 population","Country Adjusted","5.816567"
"Norway","2012","Male","Per 100,000 population","Country Adjusted","14.59895"
"Norway","2012","Total","Per 100,000 population","Country Adjusted","10.21201"
"Norway","2000","Female","Per 100,000 population","Country Adjusted","5.928147"
"Norway","2000","Male","Per 100,000 population","Country Adjusted","18.54683"
"Norway","2000","Total","Per 100,000 population","Country Adjusted","12.17521"
"Oman","2012","Female","Per 100,000 population","Estimated","0.4836564"
"Oman","2012","Male","Per 100,000 population","Estimated","1.259305"
"Oman","2012","Total","Per 100,000 population","Estimated","0.9650277"
"Oman","2000","Female","Per 100,000 population","Estimated","1.061746"
"Oman","2000","Male","Per 100,000 population","Estimated","2.37584"
"Oman","2000","Total","Per 100,000 population","Estimated","1.79758"
"Pakistan","2012","Female","Per 100,000 population","Modeled","8.13093"
"Pakistan","2012","Male","Per 100,000 population","Modeled","6.83692"
"Pakistan","2012","Total","Per 100,000 population","Modeled","7.466307"
"Pakistan","2000","Female","Per 100,000 population","Modeled","7.345716"
"Pakistan","2000","Male","Per 100,000 population","Modeled","6.063465"
"Pakistan","2000","Total","Per 100,000 population","Modeled","6.683788"
"Panama","2012","Female","Per 100,000 population","Country Adjusted","1.274234"
"Panama","2012","Male","Per 100,000 population","Country Adjusted","7.3814"
"Panama","2012","Total","Per 100,000 population","Country Adjusted","4.358598"
"Panama","2000","Female","Per 100,000 population","Country Adjusted","1.487448"
"Panama","2000","Male","Per 100,000 population","Country Adjusted","9.268475"
"Panama","2000","Total","Per 100,000 population","Country Adjusted","5.422406"
"Papua New Guinea","2012","Female","Per 100,000 population","Modeled","5.504702"
"Papua New Guinea","2012","Male","Per 100,000 population","Modeled","9.744082"
"Papua New Guinea","2012","Total","Per 100,000 population","Modeled","7.667325"
"Papua New Guinea","2000","Female","Per 100,000 population","Modeled","6.503664"
"Papua New Guinea","2000","Male","Per 100,000 population","Modeled","11.22388"
"Papua New Guinea","2000","Total","Per 100,000 population","Modeled","8.910203"
"Paraguay","2012","Female","Per 100,000 population","Estimated","2.844332"
"Paraguay","2012","Male","Per 100,000 population","Estimated","7.783886"
"Paraguay","2012","Total","Per 100,000 population","Estimated","5.335"
"Paraguay","2000","Female","Per 100,000 population","Estimated","2.982375"
"Paraguay","2000","Male","Per 100,000 population","Estimated","6.933569"
"Paraguay","2000","Total","Per 100,000 population","Estimated","4.981629"
"Peru","2012","Female","Per 100,000 population","Estimated","2.077241"
"Peru","2012","Male","Per 100,000 population","Estimated","4.197311"
"Peru","2012","Total","Per 100,000 population","Estimated","3.139691"
"Peru","2000","Female","Per 100,000 population","Estimated","2.916689"
"Peru","2000","Male","Per 100,000 population","Estimated","5.247518"
"Peru","2000","Total","Per 100,000 population","Estimated","4.086124"
"Philippines","2012","Female","Per 100,000 population","Country Adjusted","1.140665"
"Philippines","2012","Male","Per 100,000 population","Country Adjusted","4.152565"
"Philippines","2012","Total","Per 100,000 population","Country Adjusted","2.649729"
"Philippines","2000","Female","Per 100,000 population","Country Adjusted","1.206552"
"Philippines","2000","Male","Per 100,000 population","Country Adjusted","3.114681"
"Philippines","2000","Total","Per 100,000 population","Country Adjusted","2.167562"
"Poland","2012","Female","Per 100,000 population","Estimated","5.203278"
"Poland","2012","Male","Per 100,000 population","Estimated","36.9648"
"Poland","2012","Total","Per 100,000 population","Estimated","20.53808"
"Poland","2000","Female","Per 100,000 population","Estimated","5.862565"
"Poland","2000","Male","Per 100,000 population","Estimated","37.12433"
"Poland","2000","Total","Per 100,000 population","Estimated","21.01894"
"Portugal","2012","Female","Per 100,000 population","Country Adjusted","5.488185"
"Portugal","2012","Male","Per 100,000 population","Country Adjusted","19.94293"
"Portugal","2012","Total","Per 100,000 population","Country Adjusted","12.48891"
"Portugal","2000","Female","Per 100,000 population","Country Adjusted","4.447204"
"Portugal","2000","Male","Per 100,000 population","Country Adjusted","18.81713"
"Portugal","2000","Total","Per 100,000 population","Country Adjusted","11.381"
"Qatar","2012","Female","Per 100,000 population","Estimated","0.693903"
"Qatar","2012","Male","Per 100,000 population","Estimated","5.870863"
"Qatar","2012","Total","Per 100,000 population","Estimated","4.652249"
"Qatar","2000","Female","Per 100,000 population","Estimated","1.062995"
"Qatar","2000","Male","Per 100,000 population","Estimated","4.273622"
"Qatar","2000","Total","Per 100,000 population","Estimated","3.152318"
"Korea","2012","Female","Per 100,000 population","Country Adjusted","23.54725"
"Korea","2012","Male","Per 100,000 population","Country Adjusted","50.098"
"Korea","2012","Total","Per 100,000 population","Country Adjusted","36.75132"
"Korea","2000","Female","Per 100,000 population","Country Adjusted","8.800617"
"Korea","2000","Male","Per 100,000 population","Country Adjusted","19.91628"
"Korea","2000","Total","Per 100,000 population","Country Adjusted","14.37668"
"Republic of Moldova","2012","Female","Per 100,000 population","Country Adjusted","5.87106"
"Republic of Moldova","2012","Male","Per 100,000 population","Country Adjusted","29.34204"
"Republic of Moldova","2012","Total","Per 100,000 population","Country Adjusted","16.99775"
"Republic of Moldova","2000","Female","Per 100,000 population","Country Adjusted","4.629293"
"Republic of Moldova","2000","Male","Per 100,000 population","Country Adjusted","30.48291"
"Republic of Moldova","2000","Total","Per 100,000 population","Country Adjusted","16.97142"
"Romania","2012","Female","Per 100,000 population","Country Adjusted","3.74482"
"Romania","2012","Male","Per 100,000 population","Country Adjusted","22.30031"
"Romania","2012","Total","Per 100,000 population","Country Adjusted","12.78488"
"Romania","2000","Female","Per 100,000 population","Country Adjusted","4.516572"
"Romania","2000","Male","Per 100,000 population","Country Adjusted","21.55294"
"Romania","2000","Total","Per 100,000 population","Country Adjusted","12.83408"
"Russian Federation","2012","Female","Per 100,000 population","Country Adjusted","7.499278"
"Russian Federation","2012","Male","Per 100,000 population","Country Adjusted","39.67408"
"Russian Federation","2012","Total","Per 100,000 population","Country Adjusted","22.34911"
"Russian Federation","2000","Female","Per 100,000 population","Country Adjusted","11.73035"
"Russian Federation","2000","Male","Per 100,000 population","Country Adjusted","70.03698"
"Russian Federation","2000","Total","Per 100,000 population","Country Adjusted","38.96077"
"Rwanda","2012","Female","Per 100,000 population","Modeled","4.023295"
"Rwanda","2012","Male","Per 100,000 population","Modeled","11.25494"
"Rwanda","2012","Total","Per 100,000 population","Modeled","7.553111"
"Rwanda","2000","Female","Per 100,000 population","Modeled","7.515465"
"Rwanda","2000","Male","Per 100,000 population","Modeled","17.99346"
"Rwanda","2000","Total","Per 100,000 population","Modeled","12.60165"
"Saudi Arabia","2012","Female","Per 100,000 population","Estimated","0.1576352"
"Saudi Arabia","2012","Male","Per 100,000 population","Estimated","0.485263"
"Saudi Arabia","2012","Total","Per 100,000 population","Estimated","0.3446769"
"Saudi Arabia","2000","Female","Per 100,000 population","Estimated","0.2227961"
"Saudi Arabia","2000","Male","Per 100,000 population","Estimated","0.7101038"
"Saudi Arabia","2000","Total","Per 100,000 population","Estimated","0.4848706"
"Senegal","2012","Female","Per 100,000 population","Modeled","1.703276"
"Senegal","2012","Male","Per 100,000 population","Modeled","4.731833"
"Senegal","2012","Total","Per 100,000 population","Modeled","3.187582"
"Senegal","2000","Female","Per 100,000 population","Modeled","1.861732"
"Senegal","2000","Male","Per 100,000 population","Modeled","4.70716"
"Senegal","2000","Total","Per 100,000 population","Modeled","3.2621"
"Serbia","2012","Female","Per 100,000 population","Country Adjusted","8.434575"
"Serbia","2012","Male","Per 100,000 population","Country Adjusted","25.53168"
"Serbia","2012","Total","Per 100,000 population","Country Adjusted","16.79193"
"Serbia","2000","Female","Per 100,000 population","Country Adjusted","12.81242"
"Serbia","2000","Male","Per 100,000 population","Country Adjusted","32.04158"
"Serbia","2000","Total","Per 100,000 population","Country Adjusted","22.25871"
"Sierra Leone","2012","Female","Per 100,000 population","Modeled","3.269092"
"Sierra Leone","2012","Male","Per 100,000 population","Modeled","8.054482"
"Sierra Leone","2012","Total","Per 100,000 population","Modeled","5.644059"
"Sierra Leone","2000","Female","Per 100,000 population","Modeled","3.594017"
"Sierra Leone","2000","Male","Per 100,000 population","Modeled","10.0064"
"Sierra Leone","2000","Total","Per 100,000 population","Modeled","6.759593"
"Singapore","2012","Female","Per 100,000 population","Country Adjusted","6.325008"
"Singapore","2012","Male","Per 100,000 population","Country Adjusted","11.79084"
"Singapore","2012","Total","Per 100,000 population","Country Adjusted","9.021726"
"Singapore","2000","Female","Per 100,000 population","Country Adjusted","8.389764"
"Singapore","2000","Male","Per 100,000 population","Country Adjusted","15.7021"
"Singapore","2000","Total","Per 100,000 population","Country Adjusted","12.04291"
"Slovakia","2012","Female","Per 100,000 population","Country Adjusted","3.214528"
"Slovakia","2012","Male","Per 100,000 population","Country Adjusted","22.52913"
"Slovakia","2012","Total","Per 100,000 population","Country Adjusted","12.60674"
"Slovakia","2000","Female","Per 100,000 population","Country Adjusted","5.070091"
"Slovakia","2000","Male","Per 100,000 population","Country Adjusted","23.83907"
"Slovakia","2000","Total","Per 100,000 population","Country Adjusted","14.1875"
"Slovenia","2012","Female","Per 100,000 population","Country Adjusted","6.804132"
"Slovenia","2012","Male","Per 100,000 population","Country Adjusted","27.51831"
"Slovenia","2012","Total","Per 100,000 population","Country Adjusted","17.09916"
"Slovenia","2000","Female","Per 100,000 population","Country Adjusted","16.07113"
"Slovenia","2000","Male","Per 100,000 population","Country Adjusted","47.10639"
"Slovenia","2000","Total","Per 100,000 population","Country Adjusted","31.23481"
"Solomon Islands","2012","Female","Per 100,000 population","Modeled","4.036264"
"Solomon Islands","2012","Male","Per 100,000 population","Modeled","8.436396"
"Solomon Islands","2012","Total","Per 100,000 population","Modeled","6.269079"
"Solomon Islands","2000","Female","Per 100,000 population","Modeled","5.755192"
"Solomon Islands","2000","Male","Per 100,000 population","Modeled","10.85743"
"Solomon Islands","2000","Total","Per 100,000 population","Modeled","8.37604"
"Somalia","2012","Female","Per 100,000 population","Modeled","4.063272"
"Somalia","2012","Male","Per 100,000 population","Modeled","11.96458"
"Somalia","2012","Total","Per 100,000 population","Modeled","7.992971"
"Somalia","2000","Female","Per 100,000 population","Modeled","4.048167"
"Somalia","2000","Male","Per 100,000 population","Modeled","12.65058"
"Somalia","2000","Total","Per 100,000 population","Modeled","8.315291"
"South Africa","2012","Female","Per 100,000 population","Estimated","1.039333"
"South Africa","2012","Male","Per 100,000 population","Estimated","4.397088"
"South Africa","2012","Total","Per 100,000 population","Estimated","2.668212"
"South Africa","2000","Female","Per 100,000 population","Estimated","0.8600546"
"South Africa","2000","Male","Per 100,000 population","Estimated","4.527302"
"South Africa","2000","Total","Per 100,000 population","Estimated","2.657232"
"South Sudan","2012","Female","Per 100,000 population","Modeled","8.178703"
"South Sudan","2012","Male","Per 100,000 population","Modeled","18.93862"
"South Sudan","2012","Total","Per 100,000 population","Modeled","13.56011"
"South Sudan","2000","Female","Per 100,000 population","Modeled","7.866294"
"South Sudan","2000","Male","Per 100,000 population","Modeled","20.43883"
"South Sudan","2000","Total","Per 100,000 population","Modeled","14.1283"
"Spain","2012","Female","Per 100,000 population","Country Adjusted","3.07625"
"Spain","2012","Male","Per 100,000 population","Country Adjusted","11.06893"
"Spain","2012","Total","Per 100,000 population","Country Adjusted","7.024704"
"Spain","2000","Female","Per 100,000 population","Country Adjusted","3.978064"
"Spain","2000","Male","Per 100,000 population","Country Adjusted","13.02166"
"Spain","2000","Total","Per 100,000 population","Country Adjusted","8.405099"
"Sri Lanka","2012","Female","Per 100,000 population","Estimated","13.41934"
"Sri Lanka","2012","Male","Per 100,000 population","Estimated","45.76188"
"Sri Lanka","2012","Total","Per 100,000 population","Estimated","29.24282"
"Sri Lanka","2000","Female","Per 100,000 population","Estimated","21.21792"
"Sri Lanka","2000","Male","Per 100,000 population","Estimated","79.18372"
"Sri Lanka","2000","Total","Per 100,000 population","Estimated","50.12409"
"Sudan","2012","Female","Per 100,000 population","Modeled","7.227992"
"Sudan","2012","Male","Per 100,000 population","Modeled","15.78616"
"Sudan","2012","Total","Per 100,000 population","Modeled","11.52163"
"Sudan","2000","Female","Per 100,000 population","Modeled","6.326238"
"Sudan","2000","Male","Per 100,000 population","Modeled","13.3444"
"Sudan","2000","Total","Per 100,000 population","Modeled","9.848825"
"Suriname","2012","Female","Per 100,000 population","Country Adjusted","12.3593"
"Suriname","2012","Male","Per 100,000 population","Country Adjusted","44.16133"
"Suriname","2012","Total","Per 100,000 population","Country Adjusted","28.29949"
"Suriname","2000","Female","Per 100,000 population","Country Adjusted","10.4212"
"Suriname","2000","Male","Per 100,000 population","Country Adjusted","31.07789"
"Suriname","2000","Total","Per 100,000 population","Country Adjusted","20.85976"
"Swaziland","2012","Female","Per 100,000 population","Modeled","3.530967"
"Swaziland","2012","Male","Per 100,000 population","Modeled","7.149691"
"Swaziland","2012","Total","Per 100,000 population","Modeled","5.313926"
"Swaziland","2000","Female","Per 100,000 population","Modeled","3.162613"
"Swaziland","2000","Male","Per 100,000 population","Modeled","6.209943"
"Swaziland","2000","Total","Per 100,000 population","Modeled","4.637844"
"Sweden","2012","Female","Per 100,000 population","Country Adjusted","7.139969"
"Sweden","2012","Male","Per 100,000 population","Country Adjusted","19.28778"
"Sweden","2012","Total","Per 100,000 population","Country Adjusted","13.19343"
"Sweden","2000","Female","Per 100,000 population","Country Adjusted","8.349689"
"Sweden","2000","Male","Per 100,000 population","Country Adjusted","19.49147"
"Sweden","2000","Total","Per 100,000 population","Country Adjusted","13.85824"
"Switzerland","2012","Female","Per 100,000 population","Country Adjusted","6.621017"
"Switzerland","2012","Male","Per 100,000 population","Country Adjusted","17.84067"
"Switzerland","2012","Total","Per 100,000 population","Country Adjusted","12.15134"
"Switzerland","2000","Female","Per 100,000 population","Country Adjusted","10.94457"
"Switzerland","2000","Male","Per 100,000 population","Country Adjusted","27.97902"
"Switzerland","2000","Total","Per 100,000 population","Country Adjusted","19.26657"
"Syrian Arab Republic","2012","Female","Per 100,000 population","Modeled","0.202527"
"Syrian Arab Republic","2012","Male","Per 100,000 population","Modeled","0.493717"
"Syrian Arab Republic","2012","Total","Per 100,000 population","Modeled","0.3509035"
"Syrian Arab Republic","2000","Female","Per 100,000 population","Modeled","0.2826233"
"Syrian Arab Republic","2000","Male","Per 100,000 population","Modeled","0.5173792"
"Syrian Arab Republic","2000","Total","Per 100,000 population","Modeled","0.4019333"
"Tajikistan","2012","Female","Per 100,000 population","Estimated","2.144696"
"Tajikistan","2012","Male","Per 100,000 population","Estimated","4.290396"
"Tajikistan","2012","Total","Per 100,000 population","Estimated","3.222624"
"Tajikistan","2000","Female","Per 100,000 population","Estimated","2.494501"
"Tajikistan","2000","Male","Per 100,000 population","Estimated","4.715423"
"Tajikistan","2000","Total","Per 100,000 population","Estimated","3.607594"
"Thailand","2012","Female","Per 100,000 population","Estimated","5.330567"
"Thailand","2012","Male","Per 100,000 population","Estimated","21.16097"
"Thailand","2012","Total","Per 100,000 population","Estimated","13.08628"
"Thailand","2000","Female","Per 100,000 population","Estimated","6.404204"
"Thailand","2000","Male","Per 100,000 population","Estimated","22.80601"
"Thailand","2000","Total","Per 100,000 population","Estimated","14.4518"
"The former Yugoslav Republic of Macedonia","2012","Female","Per 100,000 population","Country Adjusted","4.243617"
"The former Yugoslav Republic of Macedonia","2012","Male","Per 100,000 population","Country Adjusted","9.051947"
"The former Yugoslav Republic of Macedonia","2012","Total","Per 100,000 population","Country Adjusted","6.652911"
"The former Yugoslav Republic of Macedonia","2000","Female","Per 100,000 population","Country Adjusted","4.399934"
"The former Yugoslav Republic of Macedonia","2000","Male","Per 100,000 population","Country Adjusted","10.15267"
"The former Yugoslav Republic of Macedonia","2000","Total","Per 100,000 population","Country Adjusted","7.293999"
"Timor-Leste","2012","Female","Per 100,000 population","Modeled","4.214809"
"Timor-Leste","2012","Male","Per 100,000 population","Modeled","6.564335"
"Timor-Leste","2012","Total","Per 100,000 population","Modeled","5.408723"
"Timor-Leste","2000","Female","Per 100,000 population","Modeled","5.564477"
"Timor-Leste","2000","Male","Per 100,000 population","Modeled","10.26719"
"Timor-Leste","2000","Total","Per 100,000 population","Modeled","7.964005"
"Togo","2012","Female","Per 100,000 population","Modeled","1.900444"
"Togo","2012","Male","Per 100,000 population","Modeled","5.581695"
"Togo","2012","Total","Per 100,000 population","Modeled","3.714848"
"Togo","2000","Female","Per 100,000 population","Modeled","1.74578"
"Togo","2000","Male","Per 100,000 population","Modeled","4.863123"
"Togo","2000","Total","Per 100,000 population","Modeled","3.269557"
"Trinidad and Tobago","2012","Female","Per 100,000 population","Country Adjusted","6.873601"
"Trinidad and Tobago","2012","Male","Per 100,000 population","Country Adjusted","22.13832"
"Trinidad and Tobago","2012","Total","Per 100,000 population","Country Adjusted","14.42348"
"Trinidad and Tobago","2000","Female","Per 100,000 population","Country Adjusted","4.599717"
"Trinidad and Tobago","2000","Male","Per 100,000 population","Country Adjusted","20.31241"
"Trinidad and Tobago","2000","Total","Per 100,000 population","Country Adjusted","12.41418"
"Tunisia","2012","Female","Per 100,000 population","Modeled","1.385361"
"Tunisia","2012","Male","Per 100,000 population","Modeled","3.447163"
"Tunisia","2012","Total","Per 100,000 population","Modeled","2.408099"
"Tunisia","2000","Female","Per 100,000 population","Modeled","1.529214"
"Tunisia","2000","Male","Per 100,000 population","Modeled","3.140642"
"Tunisia","2000","Total","Per 100,000 population","Modeled","2.337807"
"Turkey","2012","Female","Per 100,000 population","Estimated","4.284154"
"Turkey","2012","Male","Per 100,000 population","Estimated","11.79047"
"Turkey","2012","Total","Per 100,000 population","Estimated","7.970635"
"Turkey","2000","Female","Per 100,000 population","Estimated","8.082337"
"Turkey","2000","Male","Per 100,000 population","Estimated","17.52176"
"Turkey","2000","Total","Per 100,000 population","Estimated","12.72631"
"Turkmenistan","2012","Female","Per 100,000 population","Estimated","7.501551"
"Turkmenistan","2012","Male","Per 100,000 population","Estimated","31.65644"
"Turkmenistan","2012","Total","Per 100,000 population","Estimated","19.38622"
"Turkmenistan","2000","Female","Per 100,000 population","Estimated","6.230549"
"Turkmenistan","2000","Male","Per 100,000 population","Estimated","20.45942"
"Turkmenistan","2000","Total","Per 100,000 population","Estimated","13.2547"
"Uganda","2012","Female","Per 100,000 population","Modeled","7.050242"
"Uganda","2012","Male","Per 100,000 population","Modeled","16.71282"
"Uganda","2012","Total","Per 100,000 population","Modeled","11.89436"
"Uganda","2000","Female","Per 100,000 population","Modeled","6.371172"
"Uganda","2000","Male","Per 100,000 population","Modeled","16.66436"
"Uganda","2000","Total","Per 100,000 population","Modeled","11.51026"
"Ukraine","2012","Female","Per 100,000 population","Country Adjusted","6.887103"
"Ukraine","2012","Male","Per 100,000 population","Country Adjusted","35.61357"
"Ukraine","2012","Total","Per 100,000 population","Country Adjusted","20.12902"
"Ukraine","2000","Female","Per 100,000 population","Country Adjusted","11.89641"
"Ukraine","2000","Male","Per 100,000 population","Country Adjusted","61.32013"
"Ukraine","2000","Total","Per 100,000 population","Country Adjusted","34.83923"
"United Arab Emirates","2012","Female","Per 100,000 population","Modeled","1.134578"
"United Arab Emirates","2012","Male","Per 100,000 population","Modeled","3.759073"
"United Arab Emirates","2012","Total","Per 100,000 population","Modeled","2.980946"
"United Arab Emirates","2000","Female","Per 100,000 population","Modeled","1.822435"
"United Arab Emirates","2000","Male","Per 100,000 population","Modeled","4.062322"
"United Arab Emirates","2000","Total","Per 100,000 population","Modeled","3.334108"
"United Kingdom","2012","Female","Per 100,000 population","Country Adjusted","3.017513"
"United Kingdom","2012","Male","Per 100,000 population","Country Adjusted","11.06004"
"United Kingdom","2012","Total","Per 100,000 population","Country Adjusted","6.978204"
"United Kingdom","2000","Female","Per 100,000 population","Country Adjusted","3.8321"
"United Kingdom","2000","Male","Per 100,000 population","Country Adjusted","13.25768"
"United Kingdom","2000","Total","Per 100,000 population","Country Adjusted","8.424024"
"United Republic of Tanzania","2012","Female","Per 100,000 population","Modeled","10.2347"
"United Republic of Tanzania","2012","Male","Per 100,000 population","Modeled","20.02048"
"United Republic of Tanzania","2012","Total","Per 100,000 population","Modeled","15.12737"
"United Republic of Tanzania","2000","Female","Per 100,000 population","Modeled","11.00432"
"United Republic of Tanzania","2000","Male","Per 100,000 population","Modeled","19.42945"
"United Republic of Tanzania","2000","Total","Per 100,000 population","Modeled","15.19353"
"United States","2012","Female","Per 100,000 population","Country Adjusted","5.768883"
"United States","2012","Male","Per 100,000 population","Country Adjusted","21.80339"
"United States","2012","Total","Per 100,000 population","Country Adjusted","13.65683"
"United States","2000","Female","Per 100,000 population","Country Adjusted","4.145287"
"United States","2000","Male","Per 100,000 population","Country Adjusted","17.47745"
"United States","2000","Total","Per 100,000 population","Country Adjusted","10.68838"
"Uruguay","2012","Female","Per 100,000 population","Country Adjusted","6.166819"
"Uruguay","2012","Male","Per 100,000 population","Country Adjusted","21.9934"
"Uruguay","2012","Total","Per 100,000 population","Country Adjusted","13.80945"
"Uruguay","2000","Female","Per 100,000 population","Country Adjusted","5.318546"
"Uruguay","2000","Male","Per 100,000 population","Country Adjusted","27.63997"
"Uruguay","2000","Total","Per 100,000 population","Country Adjusted","16.12175"
"Uzbekistan","2012","Female","Per 100,000 population","Estimated","3.747452"
"Uzbekistan","2012","Male","Per 100,000 population","Estimated","11.59675"
"Uzbekistan","2012","Total","Per 100,000 population","Estimated","7.651774"
"Uzbekistan","2000","Female","Per 100,000 population","Estimated","4.135318"
"Uzbekistan","2000","Male","Per 100,000 population","Estimated","13.04371"
"Uzbekistan","2000","Total","Per 100,000 population","Estimated","8.567972"
"Venezuela (Bolivarian Republic of)","2012","Female","Per 100,000 population","Country Adjusted","0.9821076"
"Venezuela (Bolivarian Republic of)","2012","Male","Per 100,000 population","Country Adjusted","4.168505"
"Venezuela (Bolivarian Republic of)","2012","Total","Per 100,000 population","Country Adjusted","2.580253"
"Venezuela (Bolivarian Republic of)","2000","Female","Per 100,000 population","Country Adjusted","1.98946"
"Venezuela (Bolivarian Republic of)","2000","Male","Per 100,000 population","Country Adjusted","11.0503"
"Venezuela (Bolivarian Republic of)","2000","Total","Per 100,000 population","Country Adjusted","6.549577"
"Viet Nam","2012","Female","Per 100,000 population","Modeled","2.544998"
"Viet Nam","2012","Male","Per 100,000 population","Modeled","7.647785"
"Viet Nam","2012","Total","Per 100,000 population","Modeled","5.06621"
"Viet Nam","2000","Female","Per 100,000 population","Modeled","2.831724"
"Viet Nam","2000","Male","Per 100,000 population","Modeled","7.553706"
"Viet Nam","2000","Total","Per 100,000 population","Modeled","5.156744"
"Yemen","2012","Female","Per 100,000 population","Modeled","2.706529"
"Yemen","2012","Male","Per 100,000 population","Modeled","3.437601"
"Yemen","2012","Total","Per 100,000 population","Modeled","3.075124"
"Yemen","2000","Female","Per 100,000 population","Modeled","2.42497"
"Yemen","2000","Male","Per 100,000 population","Modeled","3.196454"
"Yemen","2000","Total","Per 100,000 population","Modeled","2.815071"
"Zambia","2012","Female","Per 100,000 population","Modeled","6.136638"
"Zambia","2012","Male","Per 100,000 population","Modeled","12.99945"
"Zambia","2012","Total","Per 100,000 population","Modeled","9.560575"
"Zambia","2000","Female","Per 100,000 population","Modeled","11.77944"
"Zambia","2000","Male","Per 100,000 population","Modeled","20.29947"
"Zambia","2000","Total","Per 100,000 population","Modeled","16.02238"
"Zimbabwe","2012","Female","Per 100,000 population","Modeled","8.893411"
"Zimbabwe","2012","Male","Per 100,000 population","Modeled","24.56622"
"Zimbabwe","2012","Total","Per 100,000 population","Modeled","16.62247"
"Zimbabwe","2000","Female","Per 100,000 population","Modeled","9.662488"
"Zimbabwe","2000","Male","Per 100,000 population","Modeled","25.14771"
"Zimbabwe","2000","Total","Per 100,000 population","Modeled","17.35057"